ID,Name
1,jessica hubbard
19,peggy taylor
37,anita hunt
45,peter rodriguez
69,sherry petty
81,tiffany perkins
140,danny peterson
159,walter ross
164,amanda banks
167,jeremy chapman
172,brandon novak
201,jennifer erickson
214,mr. edward solomon
245,michelle coleman
253,heather contreras
277,molly bowen
304,jessica ford
324,lisa patel
334,megan sims
344,terry gill
349,katie tate
376,nicole moore
382,jennifer wright
405,stacy young
464,gregory green
468,stacy brown
521,amy gilbert
568,amanda morgan
604,ryan stewart
611,john jackson
638,krystal long
650,jeffrey hunter
729,jesus sandoval
2,john solis
107,maureen baker
184,andrew wilson
189,andrew goodwin
232,sara carlson
260,amanda riley
265,brenda mccall
350,toni alvarado
351,chelsea monroe
361,stephen stevens
395,kevin burke
409,michelle vega
437,derrick thompson
445,jeremiah jackson
455,joshua johnson
498,wendy mcdaniel
549,jason sullivan
555,marcus klein
570,christina torres
624,joseph golden
629,brandy hughes
677,jimmy huff
691,teresa day
695,shannon payne
712,tara foster
718,samuel davis
726,erik barber
730,dustin hardin
3,brett spencer
23,anthony melton
25,sara torres
102,william smith
247,anthony gates
338,christopher brown
380,travis stephens
4,oscar parker
26,diana bowman
49,carolyn rodriguez
80,james savage
129,andrew smith
151,david camacho
180,kirk jensen
209,laura watson
280,kelly lopez
314,melinda watson
321,james reyes
325,isaiah johnson
347,kimberly hoover
356,david munoz
384,douglas marshall
417,william smith
421,laura romero
462,kristen macdonald
476,xavier bell
478,molly lewis
500,ryan cross
504,claudia robinson
512,shaun wilkinson
600,justin shelton
631,monique mercado
662,paul simmons
740,jennifer thompson
5,richard perry
74,daniel arnold
89,jeffrey nguyen
97,kelsey chandler
104,jessica mitchell
111,wayne harris
118,susan savage
163,sara wallace
207,jessica white
267,dustin burton dds
270,jennifer strickland
298,john woodward
312,nicholas brewer
348,casey white
357,jason morales
371,amanda powell
385,joe johnson dds
402,patricia huber
441,jared bullock
481,barbara house
488,leslie brady
490,benjamin day
518,stephanie williams
598,timothy buckley
601,angela sherman
603,kenneth mcguire
625,ronald armstrong
653,mark gonzalez
689,courtney coleman
6,kathy johnson
21,steve miller
32,courtney wheeler
36,joshua quinn
70,ana williamson
76,sean jones
103,brandon waters
108,mrs. stefanie lutz md
152,christian flores
278,sean powell
294,kenneth campbell
335,michelle gillespie
372,joshua gonzales
390,jacob lang
419,michael goodwin
423,dennis knox
474,janet lee
503,mark chambers
513,kelly livingston
514,dylan crosby
543,angela davis
545,john richard
672,sydney smith
693,daryl johnson
710,matthew stevens
715,felicia smith
738,lisa grant
7,kenneth wagner
15,elizabeth parks
46,debra escobar
60,james vasquez
91,lisa simmons
113,donald mcintyre
127,michael wilson
141,dominique montes
147,paige woodward
168,larry rodriguez
244,frank gould
254,rhonda gardner
285,andre garcia
336,james washington
343,kathy smith
346,elizabeth smith
375,lance clark
401,chad may
411,sydney scott
427,natasha miller
450,larry mclaughlin
497,joseph pena
516,mary paul
540,william giles
591,robert barber
633,brett clark
664,amber miller
678,jack nelson
703,norma moore
8,brandon schmidt
87,austin martinez
216,david fox
221,shannon garcia
230,cheryl rich
669,sarah white
9,pamela harvey
94,maria lawrence
109,jasmin johnson
283,ryan hooper
360,kevin jenkins
10,jose brown
62,stephanie weiss
82,mrs. bailey perry
248,matthew richard
11,morgan dunn
12,lindsey brown
33,carol pearson
44,john watts
55,ronald zamora
85,tyler gonzalez
100,martin davis
137,robert wood
198,matthew lloyd
223,christie peterson
274,jillian jones
290,zachary ortega
292,robert martinez
297,shawn perez
303,morgan herrera
309,cody cruz
392,jodi burns
404,matthew cline
480,sandra nelson
542,carmen lewis
556,sharon ward
654,susan levine
29,paul glover
30,erica francis
146,dawn briggs
166,diane gomez
190,randy odom
215,christina ward
234,jorge yates
239,harold ross
268,james estes
327,jessica leach
428,brian rivera
473,steven mathews jr.
489,erica gill
499,mark garcia
515,hunter salinas
520,jason wong
553,ashley herrera
565,breanna jones
592,jeffrey phillips
613,jeremy carr
721,alicia love
731,hannah grant
71,roger murphy
332,kendra robertson
54,linda aguilar
179,michele peters
470,nancy may
569,joel payne
599,adam brown
41,ryan george
50,jennifer davis
88,paula brown
92,danielle smith
158,samantha wolf
225,christopher norton
273,rachel patterson
306,benjamin alexander
340,john clark
449,david rogers
454,christopher christensen
506,michael brown
560,matthew young
567,jeffrey johnson
610,brett grant
615,tammy hall
623,jennifer franklin
642,lisa olson
645,ann smith
737,christopher walls
13,tanner mejia
205,john frank
258,margaret wilkerson
318,adam edwards
436,diana johnson
491,alisha hall
493,jesus riddle
495,ernest parks
573,kyle hale
708,jennifer miranda
53,thomas young
526,krystal palmer
14,jessica king
28,andrew lawson
35,molly mullins
42,ruth lee
63,mathew black
68,donna chang
78,tracy watts
119,alicia flynn
143,caitlyn garcia
162,dorothy holder
176,charles luna
219,kayla solomon
241,linda hart
256,keith rodriguez
276,cory lewis
301,bethany schneider
328,scott morris
329,mary spence
366,sara anderson
388,laura reeves
394,april gutierrez
420,brittany kelley
434,john french
439,tony hoover
460,caroline johnson
465,joshua hess
472,robert manning
547,amanda williams
566,sophia morgan
571,mark douglas
596,william diaz
652,steven scott
666,charlotte gonzales
38,benjamin hamilton
72,james rodriguez
90,carmen case
144,russell miller
222,elizabeth james
305,tara webb
339,gabrielle johnson
354,kyle mason
442,stacie foley
479,lance chung
485,steven chan
523,paul joseph
557,james garcia
574,chad stone
594,amber harris
628,makayla wilkerson
673,jeffrey mason
687,randy patel
692,robert graham
707,paul higgins
709,christine matthews
717,tiffany estrada
16,amy orr
174,lori page
17,matthew vincent
105,bill day
282,mary petersen
408,kathy frazier
438,brian chen
466,david hernandez
589,gregg stein
690,scott beard
27,trevor gaines
47,danielle williams md
48,christopher chen
120,victoria odom
123,timothy jackson
261,lisa lewis
352,lisa duncan
379,joshua vaughn
451,rebecca gonzalez
461,brian farley
483,eugene grant
507,kristine callahan
527,tammy rice
536,trevor sheppard iv
541,alison brown
572,jose andrews
639,andrew peterson
724,jennifer abbott
741,erica yates
18,michelle mathews
668,carol garza
40,valerie brown
93,keith garrison
145,abigail wilson
157,ann wolf
160,melissa jones
192,ashley burns
197,wayne taylor
269,james morris
308,diana rodriguez
333,robert martin
358,mark hunt
368,mackenzie bullock
383,kyle cruz
412,jeffrey snyder
425,kirsten smith
492,christopher flores
494,brandon lewis
511,jessica vargas
532,john rivera
606,kirk davis
612,michael vang
636,michael solis
663,yvette weiss
682,james jones
20,steven white
240,kenneth phillips
373,sarah carter
607,james smith
735,jack davidson
22,cody torres
106,kyle scott
227,brenda wagner
742,andrew martinez
51,elizabeth salazar
67,nicole baker
116,alexander smith
132,david huang
156,matthew miller
238,shawn walters
271,tara hansen
363,melanie york
369,james jones
381,kristi ward
407,brandon jackson
430,lauren bishop
433,wendy king
528,erica howell
632,elizabeth bond
656,heather lawrence
659,jessica brown
667,william fernandez
676,tristan ruiz
704,katie hansen
706,kenneth griffin
24,eric armstrong
65,kyle garza
95,janet brown
171,katherine ramos
178,terry soto
191,mark brown
289,anita hickman
310,traci watson
387,danielle morgan
432,krystal smith
456,kevin cook
458,linda stephens
467,david romero
508,joseph anderson
548,alicia castro
550,madison thompson
561,james anderson
580,raven ferguson
581,rebecca vincent
590,kayla hill
605,teresa nicholson
614,tony hansen
626,david howard
635,nathan miller
665,brian garrett
674,katherine gordon
719,kelly garcia
58,andrew miller
150,jennifer king
181,anna clark
313,jonathan knight
609,dennis knight
117,robert arnold
122,douglas martin
148,sherry sweeney
187,sarah petersen
231,jessica scott
362,tiffany eaton
364,joshua hansen
377,jack black
400,gabriel smith
424,jennifer hamilton
435,maria newman
443,sue castro
537,allison hinton
539,lisa fuller
563,sarah brown
679,dennis harrison
686,debra villarreal
701,andrew ramos
61,joshua campbell
66,shannon reyes
83,jeffrey hicks
112,aaron schmidt
138,mason perry
142,terry klein
194,dawn robinson
206,william wells
257,christopher ortega
275,rachel potter
319,mary powers
326,darrell martin
330,dr. kenneth mcpherson
345,tyler smith
444,cristina jones
475,jared melton
586,jessica crawford
597,veronica underwood
602,danielle moore
648,dr. tammy campbell
661,virginia graham
235,krystal grant
320,jesse watson
587,christina fisher
31,michael gilbert
284,christine robertson
482,jeffrey mason
43,allison beck
52,lorraine harmon
57,kenneth martinez
226,jasmine chang
255,paul bailey
422,deanna castro
524,daniel lee
681,gary garcia
688,emily tanner
317,abigail pierce
634,michelle pennington
640,amber henry
716,craig kim
538,victoria williams
34,cristina hall
149,janet glass
429,christopher ayala
505,william avila
618,jacob hoffman
713,wanda harris
64,whitney smith
99,kendra silva
134,anita jackson
153,makayla flowers
175,christopher powers
188,maurice riley
200,john wallace
220,thomas stephens
229,michael johnson
236,katherine harrington
263,brian rose
287,diane bishop
291,kimberly owens
359,lynn hendricks
386,john davis
410,james clay
426,kristin holmes
453,david richards
457,bonnie johnson
487,justin becker
509,dustin rivera
525,alan strong
533,alexandria alexander
534,tina anderson
552,kelsey phillips
554,monique carlson
562,kyle ryan
588,lisa douglas
593,tyler blanchard
675,kimberly flores
685,elizabeth white
699,cheryl joseph phd
110,kenneth wright
154,cristian estes
177,amanda foster
204,bonnie thompson
228,travis sanchez
246,rebecca williams
279,taylor kline
299,daniel long
316,sue howard
367,damon silva
370,cassandra valenzuela
398,amanda obrien
447,david andrews
459,jon miller
529,karen jones
576,teresa juarez
595,cristina cunningham
621,aaron ewing
711,aaron schneider
720,brian grimes
84,abigail smith
130,angela lawson
218,james harrison
293,julie king
649,tiffany williams
39,john wilson
323,sean williams
224,james love
208,melissa shaw
237,peter castillo
262,michelle stanley
266,duane david
272,leah bass
286,amanda gould
311,brian howell
337,sarah suarez
365,joseph smith
517,derrick griffin
558,brooke conley
559,scott zimmerman
578,jonathan reed
643,debra wood
683,miss martha campbell
705,anita thomas
725,wyatt long
732,rodney kennedy
115,lauren martinez
155,cassandra young
193,whitney jackson
243,linda deleon
300,james stephens
535,veronica elliott
698,sherry pollard
582,mark adams
56,stephanie peck
73,zachary anderson
252,christina ewing
353,jade curry
399,jennifer andersen
416,anthony perry
446,tina blankenship
522,ryan gordon
530,walter gonzalez
619,cody rodriguez
723,john snow
59,lindsey fletcher
86,christie jones
170,kathy wilson
519,christopher werner
211,norman crawford
342,mark gutierrez
637,randy johnson
124,david alexander
217,sheila barnes
251,mr. donald wallace
302,paul davis
315,john baker
126,tyler mccoy
242,melvin roberts
75,jennifer horton
135,amy smith
199,donald matthews
202,megan hogan
264,brianna monroe
307,laura burns
355,raymond diaz
374,megan hall
378,michael simpson
389,kenneth griffith
403,theresa nelson
694,christy ramirez
77,jason bowman
128,bianca atkins
186,raymond walker
195,ryan harper
531,susan williams
79,patricia huerta
393,crystal neal
585,rebecca cooke
620,nicholas ortiz
169,cassandra wilson
288,dwayne torres
391,amanda mcgee
414,william fleming
564,ashley allen
579,pamela green
727,gabriel patel
96,christopher rodriguez
627,christopher austin
647,mark hinton
733,david robbins
136,jillian austin
98,chelsea marshall
182,nicholas sanchez
249,david nolan
583,travis diaz
101,crystal rivera
114,lauren steele
165,kyle richardson
203,mrs. michelle mahoney md
212,lisa king
413,elijah newman
415,larry thomas
440,kimberly waters
575,zachary long
671,matthew irwin
736,brian black
658,jessica heath
496,brett baxter
617,anthony herman
651,steven farley
121,lauren stewart md
125,john schmidt
250,tanya gibson
281,benjamin moore
341,thomas ramos
406,chris quinn
471,sean wells
501,christopher hester
641,harry martinez
702,david valdez
131,howard cunningham
469,richard hernandez
622,benjamin white
133,jonathan hunt
161,gabrielle munoz
233,tyler lewis
697,william jones
700,jeremy davis
739,mark freeman
139,steve mason
397,richard rogers
584,sara lewis
173,samuel smith
502,daniel brown
734,sean deleon
183,kristen green
331,christopher marshall
484,christopher sloan
616,charles russo
185,patrick ramirez
196,carly bell
296,jesse jones
684,julia bell
210,jessica powell
396,laurie mcdaniel
452,jacob villegas
477,ryan smith
544,amy valenzuela
546,andrew english
551,alejandro brown
670,peter rojas
696,dylan mcbride
213,rebecca stevens
418,hannah mitchell
295,joseph moore
608,jessica burch
680,diana cook
722,jessica higgins
486,linda huff
630,sandra gonzalez
657,james li
431,jennifer butler
646,kyle martinez
448,kathleen gutierrez
463,jordan harrington
510,jessica lewis
714,catherine thornton
577,sarah harris
644,juan williams
655,shawn rojas
660,ryan banks
728,gregory smith
